,年份,电影名,票房
0,2016,亲密的陷阱,&#8211;
1,2016,一切都好,2623.4
2,2016,皇帝的新装之圣诞大明星,67
3,2016,小门神,7868.5
4,2016,冰美人,5.3
5,2016,神探夏洛克,16136.8
6,2016,舌尖上的新年,193.5
7,2016,荒村怨灵,395.5
8,2016,星球大战：原力觉醒,82557.3
9,2016,通灵神探,3538.9
10,2016,极限挑战之皇家宝藏,12551.4
11,2016,消失爱人,6419.6
12,2016,最后的巫师猎人,17989.1
13,2016,国酒,1021.4
14,2016,恋爱教父之三个“坏”家伙,113.7
15,2016,我很帅,1.8
16,2016,熊出没之熊心归来,28775.1
17,2016,恶灵之门,514.2
18,2016,真相禁区,4203.5
19,2016,一家老小向前冲,238.3
20,2016,云中行走,9082.1
21,2016,爱在深秋,113
22,2016,请把你的窗户打开,4.7
23,2016,爸爸我来救你了,98.6
24,2016,谎言大爆炸,88
25,2016,果宝特攻之水果大逃亡,833.9
26,2016,恶人报喜,2754.4
27,2016,猿创世界之熊孩子部落,85.7
28,2016,鼠来宝4：萌在囧途,6267.3
29,2016,小小校长,7.8
30,2016,欲链迷情,&#8211;
31,2016,功夫熊猫3,100200.4
32,2016,我的“狐朋狗友”,74.6
33,2016,致我们终将到来的爱情,805.3
34,2016,蒸发太平洋,3504.8
35,2016,风口青春,4.9
36,2016,非同小可,5.2
37,2016,过年好,5404.8
38,2016,西游记之孙悟空三打白骨精,120101.7
39,2016,澳门风云3,111818.8
40,2016,年兽大作战,3451.2
41,2016,美人鱼,339211.8
42,2016,断片儿,1.3
43,2016,奔爱,4751.6
44,2016,谋杀似水年华,1349.8
45,2016,我最好朋友的婚礼,3745.3
46,2016,高跟鞋先生,12996.7
47,2016,天降,&#8211;
48,2016,火影忍者剧场版：博人传,10322.2
49,2016,青蛙王国之冰冻大冒险,434.3
50,2016,夺命枪火,182.8
51,2016,卧虎藏龙：青冥宝剑,25625.3
52,2016,致命怪谈,113.2
53,2016,恭喜发财之谈钱说爱,277.1
54,2016,多多岛之迷失宝藏,1796.7
55,2016,诡娃,525.6
56,2016,当我们年轻的时候,30.6
57,2016,圣斗士星矢:圣域传说,3787.1
58,2016,末日迷踪,3539.9
59,2016,叶问3,77028.9
60,2016,谍影特工,2956.3
61,2016,地心营救,2347.7
62,2016,你是不是我的爱人,8.8
63,2016,疯狂动物城,153033.4
64,2016,爱情麻辣烫之情定终身,1735
65,2016,哪一天我们会飞,502.2
66,2016,同城邂逅,121
67,2016,箭士柳白猿,332.4
68,2016,灯塔下的恋人,20.7
69,2016,我不是王毛,268.8
70,2016,笨贼别跑,397
71,2016,床下有人3,926.9
72,2016,神战：权力之眼,23541.9
73,2016,哑孩儿,&#8211;
74,2016,不速之客,382.4
75,2016,寻找心中的你,53.7
76,2016,飞鹰艾迪,670.5
77,2016,女汉子真爱公式,6338.2
78,2016,洛杉矶捣蛋计划,898.2
79,2016,情比山高,2.6
80,2016,恐怖禁忌之红旗袍,387.2
81,2015,荒野猎人,37740.1
82,2016,蝙蝠侠大战超人,61908.2
83,1984,缘份,1391.7
84,2016,半熟少女,232.9
85,2016,回乡逗儿,44.2
86,2016,喜乐长安,171.3
87,2016,恐怖将映,607.2
88,2016,白毛女,587.6
89,2016,假装看不见之电影大师,9.2
90,2016,一夜危机,6.9
91,2016,我的特工爷爷,32443.8
92,2016,火锅英雄,37054.2
93,2016,灵偶契约,1688.9
94,2016,轩辕大帝,151.8
95,2016,蜜丝炸弹,&#8211;
96,2016,睡在我上铺的兄弟,12782.3
97,2016,太空熊猫英雄归来,641.8
98,2016,摩尔庄园3：魔幻列车大冒险,1063.8
99,2016,我的老婆是明星,147.8
100,2016,伦敦陷落,33981
101,2016,午夜寻访录,104.2
102,2016,小角色,3.5
103,2016,隔壁惊魂,104.5
104,2016,垫底辣妹,3757.9
105,2016,奇幻森林,97935.3
106,2016,不朽的时光,72.8
107,2016,纽约纽约,955.2
108,2016,废柴特工,1993.8
109,2016,冰河追凶,4320
110,2016,猫脸老太太,586.1
111,2016,国家利益,71.8
112,2016,情花谷,17
113,2016,失眠男女,223.8
114,2016,我的1000万,19.5
115,2016,女神时代,22.2
116,2016,恐怖照相机,133.9
117,2016,猎神：冬日之战,10632.2
118,2016,我的新野蛮女友,3419.2
119,2016,谁的青春不迷茫,17990.4
120,2016,刑警兄弟,3026.6
121,2016,魔宫魅影,8843.9
122,2016,梦想合伙人,8101.4
123,2016,北京遇上西雅图2,78678.1
124,2016,大唐玄奘,3303.2
125,2016,阿里巴巴：所罗门封印,619
126,2016,马小乐之玩具也疯狂,742.3
127,2016,青蛙总动员,1009
128,2016,风铃上的卡片, &#8211;
129,2016,美国队长3,124626.6
130,2013,百鸟朝凤,8691.2
131,2016,判我有罪,865.9
132,2016,布基兰,5.3
133,2016,妄想症,164
134,2016,男神抱抱,31.5
135,2016,雏鸟的天空,2.7
136,2016,幻体：续命游戏,3565.3
137,2016,再见，在也不见,1148.1
138,2016,超脑48小时,10355.2
139,2016,别开门,41.6
140,2016,笔仙诡影,733.6
141,2016,谎言大爆炸,88
142,2016,购物女王,27.1
143,2016,愤怒的小鸟,51393.7
144,2016,分歧者3：忠诚世界,12208.2
145,2016,夜孔雀,3318.1
146,2016,钢刀,939.6
147,2016,708090之深圳恋歌,42.7
148,2016,死亡笔记,368.8
149,2016,整形师·脸,307.4
150,2016,在雨中,0.8
151,2016,爱丽丝梦游仙境2,38712.9
152,2016,山那边有匹马,26.7
153,2016,妖医,876.1
154,2016,糖果世界大冒险,506
155,2016,小蚂蚁之环球大冒险,110.8
156,2016,蜜月酒店杀人事件,762.2
157,2016,水果宝贝之水果总动员,392.6
158,2016,冬天里的春天, &#8211;
159,2016,反转星球, &#8211;
160,2016,斗龙战士之星印罗盘,620
161,2016,动植物大战,144.8
162,2016,X战警：天启,80284
163,2016,记忆碎片,361.2
164,2016,提款机,17.1
165,2016,死亡游戏,551.9
166,2016,魔兽,147214.9
167,2016,泰迪熊之玩具大战,731.2
168,2016,我们毕业啦,291.9
169,2016,筷仙,1082.6
170,2016,海底总动员2,25420.8
171,2016,当流星划过天际,515.9
172,2016,练胆儿,23.9
173,2016,山花烂漫时,11.2
174,2016,我叫MT之山口山战记,1216.3
175,2016,海洋之恋,56.1
176,2016,南口1937,168.8
177,2016,三人行,10044.5
178,2016,大火种,1044.3
179,2016,独立日：卷土重来,50320.6
180,2016,近在咫尺的爱恋,193.6
181,2016,惊天魔盗团2,63891.4
182,2016,育婴室,805.2
183,2016,赏金猎人,21346.3
184,2016,魔轮,784.2
185,2016,终极胜利,106.1
186,2016,党的女儿尹灵芝,74.2
187,2016,恐怖笔记,260.3
188,2016,绝战,61.4
189,2016,古田会议,108.2
190,2016,丑小鸭历险记,432.2
191,2016,忍者神龟2：破影而出,39356.3
192,2016,大鱼海棠,56520.2
193,2016,寒战2,67820.3
194,2016,致青春·原来你还在这里,33679
195,2016,冬,30.3
196,2016,张震讲故事之合租屋,442.8
197,2016,发条城市,1104.6
198,2016,摇滚藏獒,3964.6
199,2016,再生之乐,37.3
200,2016,路边野餐,646.6
201,2016,惊天大逆转,7864.8
202,2016,超级保镖,551.8
203,2016,快手枪手快枪手,5348.8
204,2016,陆垚知马俐,19206.6
205,2016,笔仙撞碟仙,522.6
206,2016,超能太阳鸭,1874.5
207,2016,泰山归来：险战丛林,30610.5
208,2016,绝地逃亡,88940.1
209,2016,泡沫之夏,811.2
210,2016,少年师爷之大禹宝藏,154.9
211,2016,巴霍巴利王：开端,749.7
212,2016,天亮之前,3640
213,2016,哆啦A梦：新·大雄的日本诞生,10361
214,2016,刺猬小子之天生我刺,823.4
215,2016,恐怖爱情故事之死亡公路,74.1
216,2016,魔都凶音,414.8
217,2016,老阿姨,1111.7
218,2016,红色警戒999,708.7
219,2016,六弄咖啡馆,654.5
220,2016,封神传奇,28394.3
221,2016,宝贝当家,1527.7
222,2016,神秘世界历险记3,6545.9
223,2016,催命符,237.1
224,2016,情况不妙,886.6
225,2016,毒中毒,19.5
226,2016,爱宠大机密,38923.4
227,2016,龙拳小子,495.5
228,2016,盗墓笔记,100441.4
229,2016,夏有乔木 雅望天堂,15640.7
230,2016,古曼,363.2
231,2016,谎言西西里,1807.3
232,2016,使徒行者,60625.6
233,2016,海洋之歌,1552.4
234,2016,我们诞生在中国,6653.8
235,2016,危城,16737.4
236,2016,微微一笑很倾城,27583.5
237,2016,那件疯狂的小事叫爱情,3659.2
238,2016,诺亚方舟漂流记,1238.5
239,2016,岛囧,4
240,2016,火海凌云,3078.7
241,2016,精灵王座,2502.4
242,2016,七月半2：前世今生,709.3
243,2016,诡咒,6.5
244,2016,终极硬汉,492.2
245,2016,新大头儿子小头爸爸2,9021.1
246,2016,吉祥宝宝之我是食神,30.2
247,2016,一棵心中的许愿树,4.4
248,2016,他是龙,6015
249,2016,谍影重重5,44710.7
250,2016,冰川时代5：星际碰撞,44727.7
251,2016,天使请吻我,2.3
252,2016,低碳爱情,0.9
253,2016,疯狂的疯狂,2.9
254,2016,惊天绑架团,1354.7
255,2016,爸爸的木房子,9.8
256,2016,喊·山,87.8
257,2016,在世界中心呼唤爱,1106
258,2016,花样厨神,241.7
259,2016,幸运是我,96.2
260,2016,诡新娘,399.6
261,2016,白雪公主和三只小猪,177
262,2016,爱在星空下,171.1
263,2016,换个活法,7.1
264,2016,寄生兽,4834.4
265,2016,星际迷航3：超越星辰,44097.7
266,2016,铁拳,786.9
267,2016,我们的十年,4408.5
268,2016,蹴鞠, &#8211;
269,2016,小魔仙之黑魔法来袭,53.3
270,2016,夜半哭声,229.5
271,2016,玩命剧组,11
272,2016,长江图,326.6
273,2016,九条命,11204.2
274,2016,鲨滩,10171.6
275,2016,魔法老师,827.8
276,2016,黑海夺金,225.8
277,2016,为爱放手,45.4
278,2016,奇葩追梦,48.9
279,2016,荒村凶间,343.1
280,2016,夜魔人,23.8
281,2016,蜜月计划, &#8211;
282,2016,麦兜响当当,7061.6
283,2016,丝路英雄·云镝,61.6
284,2016,追凶者也,13589.7
285,2016,七月与安生,16694.9
286,2016,大话西游3,36593.3
287,2016,反贪风暴2,20907.1
288,2016,我的战争,3607.2
289,2016,麦兜·饭宝奇兵,1896
290,2016,爱的“蟹”逅,43.8
291,2016,一条叫王子的狗,70.8
292,2016,神兽金刚之青龙再现,722.2
293,2016,击战,85.8
294,2016,将离草,0.6
295,2016,巴黎危机,1446.1
296,2016,234说爱你,248
297,2016,逗鸟外传：萌宝满天飞,7773.8
298,2016,诡梦凶铃,319.4
299,2016,心灵解码,18
300,2016,樱桃小丸子：来自意大利的少年,2588.7
301,2016,谁的青春不热血之深流不息,15.3
302,2016,凤凰谷,22.5
303,2016,三个孬家伙,15
304,2016,地球四季,497.4
305,2016,从你的全世界路过,81419.5
306,2016,爵迹,38287.8
307,2016,爱的钟声,0.7
308,2016,湄公河行动,118417.4
309,2016,幽灵医院,485.2
310,2016,新木偶奇遇记,56.5
311,2016,王牌逗王牌,26027.1
312,2016,我是哪吒,972.9
313,2016,铠甲勇士捕王,1857.9
314,2016,疯狂丑小鸭,642.2
315,2016,鲁滨逊漂流记,5364.1
316,2016,新东方神娃,26.1
317,2016,爱情不等式,5.1
318,2016,那年我对你的承诺,22.1
319,2016,宾虚,1748.6
320,2016,黑处有什么,760.6
321,2016,圆梦巨人,14324.6
322,2016,爱上处女座,8.6
323,2016,暗杀游戏,2109.1
324,2016,小熊的夏天,13.5
325,2016,勇士,3281.9
326,2016,心语阳光,2.3
327,2016,T台魔王,8.6
328,2016,爱神箭,60.8
329,2016,四渡赤水,10.5
330,2016,惊天破,11431.1
331,2016,机械师2：复活,33890.6
332,2016,侠探杰克：永不回头,6111.7
333,2016,凶手还未睡,215.2
334,2016,热血雷锋侠之激情营救,63.1
335,2016,怦·心跳,1.9
336,2016,夺路而逃,249.3
337,2016,龙珠Z：复活的弗利萨,1099.8
338,2016,但丁密码,13430.8
339,2016,驴得水,17304.5
340,2016,小明和他的小伙伴们,1125.3
341,2016,枕边有张脸2,218.4
342,2016,魔发精灵,5477
343,2016,钢铁骑士,193
344,2016,脑残粉,153.3
345,2016,我的圣途,67.1
346,2016,奇异博士,75163.7
347,2016,捉迷藏,7144.9
348,2016,盛先生的花儿,63.1
349,2016,一句顶一万句,2089.7
350,2016,蜡笔小新：梦境世界大突击,2245.4
351,2016,非常父子档,676.7
352,2016,恐怖笔记,260.3
353,2016,笑林足球,86.8
354,2016,不离不弃,43.5
355,2016,被劫持的爱情,4.9
356,2016,狱中惊魂,32.8
357,2016,邻家大贱谍,1195.5
358,2016,减法人生,31.6
359,2016,贫穷富爸爸,532.9
360,2016,比利·林恩的中场战事,16515.8
361,2016,航海王之黄金城,10733
362,2016,外公芳龄38,6041.6
363,2016,斋新编之画皮新娘,452.4
364,2016,兄弟之北漂歌手,0.3
365,2016,脱单宝典,7.3
366,2016,深海浩劫,7266.4
367,2016,红颜容,1.1
368,2016,我不是潘金莲,48370.6
369,2016,勇士之门,2283.4
370,2016,阿拉丁与神灯,1695.6
371,2016,辣警霸王花,198.8
372,2016,白云桥,197.7
373,2016,少年梦,2.6
374,2016,名侦探柯南：纯黑的恶梦,3112.4
375,2016,越囧,40.9
376,2016,神奇动物在哪里,59169.9
377,2016,我是处女座,467.9
378,2016,海洋奇缘,22698.5
379,2016,冲天火,3616.1
380,2016,最萌身高差,619.3
381,2016,怨灵地下室,209.4
382,2016,热土悲歌,14.1
383,2016,骆驼客:2之箭在弦,1
384,2016,夏威夷之恋,215.8
385,2016,间谍同盟,3030.1
386,2016,爱你的人,96.6
387,2016,你的名字。,57672.5
388,2016,佩小姐的奇幻城堡,11839.1
389,2016,三少爷的剑,10072.9
390,2016,老腔,11.4
391,2016,沙漠之心,38.1
392,2016,锅是铁,7
393,2016,极速之巅,1554.1
394,2016,超级快递,6161.4
395,2016,食人岛,320
396,2016,东宫皇子,9.1
397,2016,试睡员48小时,4.2
398,2016,血战钢锯岭,42647.7
399,2016,28岁未成年,12936.3
400,2016,球舞青春, &#8211;
401,2016,萨利机长,6221.4
402,2015,塔洛,104.5
403,2016,反黑行动组,260.6
404,2016,呆呆计划,448.7
405,2016,凄灵室,185.4
406,2016,牡丹仙子之皇帝诏曰,19
407,2016,先锋之那时青春,8.1
408,2016,流金,3.1
409,2016,长城,117452
410,2016,罗曼蒂克消亡史,12296.5
411,2016,我在故宫修文物,642.9
412,2016,少年,1590.3
413,2016,五女闹京城,194.2
414,2016,功夫四侠,247.1
415,2016,甜水谣,0.4
416,2016,大山里的春天, &#8211;
417,2016,求生者,1
418,2016,铁道飞虎,69884.8
419,2016,掠夺者,438.5
420,2016,有迹可循,26.1
421,2016,摆渡人,48296.6
422,2016,失心者,38.9
423,2016,绝对控制,621.9
424,2016,恋,0.2
425,2016,冒牌卧底,2232.1
426,2016,爸爸的3次婚礼,94.4
427,2016,情圣,65854.1
428,2016,难忘金银滩,3
429,2016,那年夏天你去了哪里,3467.2
430,2016,你好，疯子！,1568.6
431,2016,北极大冒险,245.8
432,2016,人鱼校花,18.1
433,2016,冰雪女皇之冬日魔咒,3533.5
434,2016,超级幼儿园,209.5
435,2017,我的第二次初恋, &#8211;
436,2016,单身日记：好孕来袭,550.2
437,2017,有家,9
438,2016,星球大战外传：侠盗一号,47765.2
439,2016,玩命直播,1297.2
440,2017,一路逆风,327.4
441,2016,一万公里的约定,375.4
442,2017,我们的青春不怕疼,13.8
443,2016,浪漫搭档,5.5
444,2017,恐怖理发店,472.9
445,2017,猪猪侠之英雄猪少年,4420.9
446,2017,辛巴达与美人鱼公主,223.2
447,2015,天空之眼,1742.1
448,2016,魔弦传说,4388.5
449,2015,我的诗篇,306
450,2016,太空旅客,31448.9
451,2015,少年巴比伦,313.9
452,2017,大卫贝肯之倒霉特工熊,12625.2
453,2017,逗逗迪迪之美梦年年,35
454,2017,超能龙骑侠,299.5
455,2017,蛋计划,53.5
456,2017,大魔法师孟兜兜,22.9
457,2015,心惊胆战,214
458,2017,缺失的爱,5.3
459,2017,老师也疯狂,31.4
460,2017,熊出没之奇幻空间,52277
461,2017,西游伏妖篇,165692.2
462,2017,大闹天竺,75852.8
463,2017,乘风破浪,104913.3
464,2017,健忘村,1605.2
465,2017,功夫瑜伽,175343.3
466,2017,了不起的菲丽西,4024.2
467,2017,东北往事之破马张飞,10615.2
468,2017,萤火奇兵,799.4
469,2017,极限特工：终极回归,112797
470,2017,决战食神,12197.6
471,2017,游戏规则,10148.6
472,2017,一树一树紫花开,13.2
473,2017,合约男女,5954.6
474,2017,欧爸的情人,2.3
475,2017,疯岳撬佳人,6389.1
476,2017,爱乐之城,24793.5
477,2017,完美有多美​,841.2
478,2017,欢乐好声音,21626.7
479,2017,上海王,1363.6
480,2017,血伞凶灵,146.9
481,2017,来自月亮的我,34.7
482,2017,三缺一,4.5
483,2017,生化危机6：终章,111221.9
484,2017,刺客信条,16111.6
485,2017,为爱担当,6.3
486,2017,丫丫的夏,2.6
487,2017,金刚狼3：殊死一战,73184.8
488,2017,一条狗的使命,60824.2
489,2017,乐高蝙蝠侠大电影,4210.9
490,2017,咱们分手吧,1.4
491,2017,惊魂绣花鞋,592.9
492,2017,帅位,2.5
493,2017,爱情对赌,5.2
494,2017,碟仙诡谭2,1279.7
495,2017,夜色撩人,374.3
496,2017,猫先生与猪小姐, &#8211;
497,2016,天才捕手,1472.8
498,2017,诡眼,152.8
499,2017,玛格丽特的春天,704.5
500,2017,最终幻想15：王者之剑,2878.8
501,2017,斗魂之熊孩子,76.4
502,2017,小阴谋大爱情,24.6
503,2017,毛丰美,627.8
504,2017,美女与野兽,59180.9
505,2017,走出尘埃,12.3
506,2017,滚出来，凶手,6.8
507,2017,通灵姐妹,470.9
508,2009,麦兜响当当（重映）,8315.2（总计）
509,2017,二宝闯江湖,2.6
510,2015,唤爱,5.6
511,2017,想得美, &#8211;
512,2017,八月,433.3
513,2017,金刚：骷髅岛,114973.9
514,2017,欢乐喜剧人,6703.5
515,2017,领袖1935,103.4
516,2015,八万里,1.5
517,2017,非凡任务,15651.2
518,2017,绑架者,9567
519,2017,嫌疑人X的献身,40225.8
520,2012,商界,0.3
521,2015,冰雪大作战,4324.4
522,2017,有完没完,3743
523,2017,怨灵宿舍之白纸女生,268.2
524,2017,攻壳机动队,20272
525,2016,一念无明,940
526,2017,六月与弓箭,15.8
527,2017,鸡飞狗跳,8.5
528,2012,麦兜·当当伴我心（重映）,4895.4（总计）
529,2017,点五步,367.8
530,2017,惊悚小说,58.7
531,2017,海角有个五店市,9.7
532,1995,大话西游之大圣娶亲（重映）,18916.1（总计）
533,2017,速度与激情8,266869.7
534,2017,怨灵宿舍之人偶老师,119.9
535,2017,指甲刀人魔,450.6
536,2017,玩命试爱,11.3
537,2016,爱情冻住了,51.8
538,2016,百鸟朝凤（重映）,8695（总计）
539,2017,傲娇与偏见,12408
540,2017,神秘家族,1486.6
541,2017,蓝精灵：寻找神秘村,17313.2
542,2017,窦娥奇冤,445.6
543,2017,血狼犬,2510.7
544,2017,恋恋有声,9.8
545,2017,我的青春永不逝,2.3
546,2017,和田玉传奇​,545.9
547,2017,喜欢你,20990.6
548,2017,记忆大师,29176.9
549,2017,春娇救志明,17483.1
550,2017,拆弹专家,39920.2
551,2017,午夜惊魂路,232.5
552,2017,灵狼传奇,1144.5
553,2017,摔跤吧！爸爸,129657.6
554,2017,银河护卫队2,68521.4
555,2017,咸鱼传奇,17.1
556,2017,海阔天空, &#8211;
557,2017,花腰恋歌,2.2
558,2017,麻烦家族,3221.3
559,2017,故乡面·参花情, &#8211;
560,2017,阿文的承诺,0.9
561,2017,亚瑟王：斗兽争霸,5697
562,2017,提着心吊着胆,1365.3
563,2017,超凡战队,2999.3
564,2017,毒。诫,4016.3
565,2017,以爱为名,243.7
566,2017,宝贝，再爱我一次,11.1
567,2017,20:16,483.9
568,2017,异星觉醒,13558.7
569,2017,抢红,1620.4
570,2017,不期而遇,702.4
571,2017,当怪物来敲门,1451.5
572,2017,美容针,1003.5
573,2017,小情书,290
574,2017,守护者：世纪战元,2015
575,2017,逆路,4.2
576,2017,放学后,30.3
577,2017,黑白照相馆,7.2
578,2017,诡异酒楼,165.6
579,2017,颠覆,2
580,2017,加勒比海盗5：死无对证,117824.1
581,2017,我的爸爸是国王,1559.8
582,2017,银河守卫队,252.1
583,2017,夏天19岁的肖像,936
584,2017,“吃吃”的爱,2744.5
585,2017,荡寇风云,6503.4
586,2017,临时演员,1293.3
587,2017,三只小猪2,2456.7
588,2015,超能兔战队（重映）,175（总计）
589,2012,摩尔庄园2：海妖宝藏（重映）,2521.7（总计）
590,2015,龙骑侠（重映）,1072.1（总计）
591,2015,潜艇总动员5：时光宝盒（重映）,4600.5（总计）
592,2017,哆啦A梦:大雄的南极冰冰凉大冒险,14852
593,2017,北极星,2.5
594,2017,功夫小兔侠,137.3
595,2017,红军小学,12.6
596,2017,神奇女侠,60772.6
597,2017,迷失Z城,695.4
598,2017,美好的意外,1752.6
599,2017,29+1,155.2
600,2017,凤凰街风雨,1.1
601,2017,小茜当家,5.9
602,2017,惊门,91.5
603,2015,梦幻佳期,50.4
604,2017,新木乃伊,62233.3
605,2017,我心雀跃,46
606,2017,异兽来袭,1003.3
607,2017,李雷和韩梅梅,4056.7
608,2017,碟仙之毕业照,305.2
609,2017,因为爱情,225.1
610,2017,此情此刻,36.6
611,2017,麦豆的夏天,7.2
612,2017,黄粱一梦,1.1
613,2017,谁知道,5.3
614,2017,麻辣学院,72.6
615,2017,失恋399年,6.5
616,2017,忠爱无言,2544.4
617,2016,内心引力,139.2
618,2017,漂洋过海来爱你,29.4
619,2017,爱情开始的地方之遇见,5.2
620,2017,六人晚餐,227
621,2017,艺术也疯狂,40.8
622,2017,我的青春你来过,4.3
623,2017,异形：契约,30996.4
624,2017,胡杨的夏天,465.3
625,2017,52赫兹，我爱你,132.7
626,2017,我们停战吧,12.7
627,2017,中国推销员,1007.7
628,2017,十七岁的雨季,26.2
629,2017,女人永远是对的,183
630,2017,重返·狼群,3284.2
631,2017,借眼,470.6
632,2017,冈仁波齐,10004.3
633,2017,雄师,1713.1
634,2017,缉枪,1643.6
635,2017,变形金刚5：最后的骑士,154561.8
636,2017,青春逗,111.5
637,2017,原谅他77次,7484.5
638,2016,我不做大哥好多年,756.7
639,2017,猪太狼的夏天,1.4
640,2017,反转人生,6937.6
641,2017,逆时营救,20069.9
642,2017,仙球大战,978
643,2017,撞邪31号,234.6
644,2017,冯梦龙传奇,173.3
645,2017,再见时光,12.4
646,2017,不败雄心,1.2
647,2017,宽恕,7.1
648,2017,血战湘江,7285.8
649,2017,海鹰战警,24.1
650,2017,乡关何处,217.4
651,2017,明月几时有,6283.5
652,2017,牧野传奇,6.3
653,2017,与君相恋100次,1343.2
654,2017,京城81号2,21802.9
655,2017,神偷奶爸3,103780.4
656,2017,绝世高手,10086
657,2017,秘果,792
658,2013,伊犁河谷,13.3
659,2017,青春逗,319.2
660,2017,北纬30度之爱,11.1
661,2014,梵蒂冈美术馆3D,78
662,2015,佛罗伦萨与乌菲兹美术馆3D,83.2
663,2017,青禾男高,3030.5
664,2017,苏州少年横漂记,1.4
665,2017,悟空传,69653.3
666,2017,大护法,8759.8
667,2017,喵星人,4459.8
668,2017,爱爱囧事2,0.6
669,2017,片甲不留,17.7
670,2017,山无棱 天地合,5.2
671,2017,深夜食堂2,1387.3
672,2017,绣春刀：修罗战场,26569.2
673,2017,闪光少女,6466.2
674,2017,父子雄兵,12519.2
675,2017,阿唐奇遇,3037.4
676,2017,谜域之噬魂岭,91.1
677,2017,战刀屠狼,14.4
678,2017,绿野仙踪之奥兹国奇幻之旅,904.4
679,2017,让爱活下去,27.5
680,2017,战狼2,567868.8
681,2017,建军大业,40296.5
682,2017,豆福传,1590.5
683,2017,大耳朵图图之美食狂想曲,4247.6
684,2017,玲珑井, &#8211;
685,2017,夜半凶铃,213.1
686,2017,神灵寨,8.7
687,2017,三生三世十里桃花,53453.6
688,2017,谁是球王,98.3
689,2017,龙之战,5620.6
690,2017,我是马布里,889.2
691,2017,大象林旺之一炮成名,326.6
692,2017,玩偶奇兵,3129.3
693,2017,原罪的羔羊,11.7
694,2017,诡井,103.3
695,2017,荒野加油站,18.5
696,2017,心理罪,30387.7
697,2017,侠盗联盟,23687.2
698,2017,鲛珠传,11358.2
699,2017,地球：神奇的一天,4777.6
700,2017,隐隐惊马槽,4
701,2017,二十二,17037.1
702,2017,杀破狼·贪狼,52157.3
703,2017,破·局,6451
704,2017,十万个冷笑话2,13363.2
705,2015,铁血残阳—在刺刀和藩篱下（重映）,11.6（总计）
706,2011,紫宅（重映）,1054.5（总计）
707,2017,我是谁的宝贝,110.9
708,2017,恐怖毕业照2,243.7
709,2017,皮绳上的魂,326.6
710,2017,赛尔号大电影6：圣者无敌,10325.8
711,2017,绝技情缘之艺魂,53
712,2017,顺德人家之合家欢,8.6
713,2017,星际特工：千星之城,40919.8
714,2017,极盗车神,10871.3
715,2017,赛车总动员3,13704.7
716,2016,海边的曼彻斯特,817
717,2017,胖女不愁嫁,77.5
718,2017,七天,1.1
719,2017,真爱禁区,10
720,2017,杜丽娘, 5.3
721,2017,一路向爱,104.6
722,2017,一家两口,0.5
723,2017,情迷意大利,&#8211;
724,2017,桃花梦,0.8
725,2017,茶盗,2
726,2017,租婚男女,5.3
727,2017,草原英雄小姐妹,0.1
728,2017,黑白迷宫,3311.3
729,2017,二次初恋,2611.5
730,2017,敦刻尔克,33960.2
731,2017,银魂,8135.7
732,2017,蜘蛛侠：英雄归来,77413.8
733,2017,声之形,4450.4
734,2017,失业生,609.7
735,2017,猪太狼的夏天,1.6
736,2017,诡域新娘,375.4
737,2017,蜜月计划,55.5
738,2017,逆生,55.2
739,2017,怪物岛,483.3
740,2017,乔乔的魔法,1.9
741,2017,爱廉说,1.1
742,2017,看不见的客人,17240.3
743,2017,猩球崛起3：终极之战,73978.2
744,2017,刀剑神域：序列之争,5387.4
745,2017,会痛的十七岁,764.8
746,2017,阿婆的槟榔,3
747,2017,旗袍先生, &#8211;
748,2017,纹身师,38
749,2017,这一刻，我要世界看见,1.4
750,2017,画室惊魂,153.9
751,2017,娘子军传奇,43.1
752,2017,理查大冒险,233.5
753,2017,王牌保镖,13967
754,2017,纯洁心灵·逐梦演艺圈,226.3
755,2017,谜证,9.1
756,2017,捍卫者,1032.1
757,2017,请勿靠近,20.8
758,2017,惊天解密,385.5
759,2017,遗忘空间,13.8
760,2017,天梯：蔡国强的艺术,202.8
761,2017,初恋时光,9
762,2017,托马斯大电影之了不起的比赛,2129.7
763,2017,魔都爱之十二星座,8
764,2017,疯狂旅程,16.2
765,2017,缝纫机乐队,45671.2
766,2017,空天猎,31758.7
767,2017,追龙,57465.2
768,2017,英伦对决,53695.2
769,2017,羞羞的铁拳,220174.9
770,2017,极致追击,1754.5
771,2017,昆塔：反转星球,5035.5
772,2017,钢铁飞龙之再见奥特曼,4071.4
773,2017,大熊猫传奇,13.3
774,2017,魔力果乐岛之拯救行动,5.3
775,2017,母亲的肖像,11.2
776,2017,光影之战,5.7
777,2017,那一场呼啸而过的青春,874.8
778,2017,怨灵2,1142.8
779,2017,天才枪手,27065.5
780,2017,回到火星,959.1
781,2012,大闹天宫（重映）,5105.2（总计）
782,2017,情遇曼哈顿,1348.1
783,2017,我的妈呀,34.2
784,2017,你往哪里跑,99.5
785,2017,笔仙咒怨, &#8211;
786,2017,十八洞村,10692.4
787,2017,我的爸爸是森林之王,5606.3
788,2017,了不起的小家伙们,12.8
789,2017,南哥,10.4
790,2017,六年，六天,1146.2
791,2017,时间去哪儿了,841.6
792,2017,王牌特工2：黄金圈,47385.1
793,2017,蝴蝶公墓,333.2
794,2017,火力全开,240.1
795,2017,恐怖电影院2,265
796,2017,咕噜咕噜美人鱼（重映）,1390.7（总计）
797,2017,胡杨的夏天,464.8
798,2017,大爱无言,10.1
799,2017,坑爹游戏,178.9
800,2017,镜头前的女人,1.4
801,2017,刺客2,0.1
802,2017,童话先生,21.4
803,2017,爱情邮局,8.4
804,2017,全球风暴,43379.9
805,2017,常在你左右,4684.1
806,2017,因为爱情,225.1
807,2017,银翼杀手2049,7693.8
808,2017,红剪花,2
809,2017,灵魂当铺之时间典当, &#8211;
810,2017,我的老兵爷爷,0.5
811,2017,雷神3：诸神黄昏,74302.9
812,2017,相爱相亲,1824.2
813,2017,密战,7945.4
814,2017,七十七天,10361.7
815,2017,我们全家不太熟,9.8
816,2017,识色，幸也,48.3
817,2017,宝贝特攻,18.8
818,2017,东方快车谋杀案,23003.5
819,2017,狂兽,6774.1
820,2017,烽火芳菲,2944.4
821,2017,天生不对,2429.1
822,2017,兄弟，别闹！,1208.8
823,2017,猪太狼的夏天,28.2
824,2017,精灵宝可梦：波尔凯尼恩与机巧,2561.7
825,2017,正义联盟,69011
826,2017,恐袭波士顿,2105.5
827,2017,暴雪将至,2713.2
828,2017,降魔传,9165.1
829,2017,深宫怨灵,368.8
830,1986,英雄本色（重映）,3258.5（总计）
831,2017,侗族大歌,17
832,2017,恋爱之瘾,0.8
833,2017,迷情N小时,8.1
834,2017,不成问题的问题,777.1
835,2017,追捕,10598.1
836,2017,引爆者,5024.1
837,2017,推理笔记,1022.2
838,2017,嘉年华,2220.1
839,2017,海阔天空,0.7
840,2017,寻梦环游记,121183.1
841,2017,刺杀盖世太保,392.3
842,2017,七月半3：灵触第七感,292.2
843,2017,炸裂青春,83.7
844,2017,灿烂这一刻,42.5
845,2017,女巫斗恶龙,13.9
846,2017,北纬二十八度,30.6
847,2017,垫底联盟,429.8
848,2017,星期8,9.2
849,2017,水晶争夺战,1.7
850,2017,你在哪,204.7
851,2017,烟花,7859
852,2017,至暗时刻,3731.3
853,2017,钟馗传奇之岁寒三友,40.1
854,2017,维京：王者之战,1410.8
855,2017,末日重启,113.9
856,2017,夺金四贱客,353.4
857,2017,笔仙咒怨,579.6
858,2017,相声大电影之我要幸福,1784.7
859,2017,这就是命,5439.9
860,2017,冒牌监护人之寻宝闹翻天,198.4
861,2017,巨额来电,5581.4
862,2017,勇往直前,902.5
863,2017,假如王子睡着了,545.7
864,2017,帕丁顿熊2,20637.9
865,2017,双面劫匪,323.1
866,2017,北平以北,79.1
867,2017,鲨海,3869.4
868,2017,至爱梵高·星空之谜,6870.1
869,2017,疯狂特警队,497.4
870,2017,金珠玛米,185.4
871,2017,逃离现场,13
872,2017,墨玉太极,6.1
873,2017,奇门遁甲,29964
874,2017,不倒侠, &#8211;
875,2017,热血时代,3.5
876,2017,爱的帕斯卡,0.7
877,2017,圣诞奇妙公司,489.3
878,2017,芳华,1422413
879,2017,惊魂七夜,84.6
880,2017,妖猫传,52998.2
881,2017,心理罪之城市之光,22406.2
882,2017,机器之血,30529.3
883,2017,解忧杂货店,22406.2
884,2017,二代妖精之今生有幸,29207.3
885,2017,妖铃铃,36292.9
886,2017,远亲,3.6
887,2017,前任3：再见前任,194049.4
888,2017,咖啡风暴,101
889,2017,小猫巴克里,1207.4
890,2017,阳光夏令营,5.6
891,2017,咕噜咕噜美人鱼2,1060.3
892,2017,星球大战8：最后的绝地武士,26782
893,2018,醉佳导演,4.4
894,2018,我来过,1.5
895,2015,尼斯·疯狂的心,12.6
896,2018,只想好好和你在一起,5
897,2018,大世界,261.8
898,2018,无问西东,75387.8
899,2018,迷镇凶案,567.3
900,2018,勇敢者游戏：决战丛林,49165.9
901,2018,太空救援,1684.9
902,2018,卧底巨星,3925.5
903,2018,时空终点,41.9
904,2016,青蛙总动员,1255.6
905,2018,我的影子在奔跑,33.7
906,2018,芒刺,4.4
907,2018,英雄本色2018,6299
908,2018,第一夫人,213
909,2018,奇迹男孩,19140.6
910,2018,神秘巨星,76662.3
911,2018,谜巢,4943.7
912,2018,公牛历险记,17187
913,2018,天使的声音,5.4
914,2018,敦煌不了情,24.7
915,2018,大雪冬至,28.1
916,2018,移动迷宫3：死亡解药,31510.1
917,2018,绝命时钟2:22,225.4
918,2018,24小时：末路重生,975.3
919,2018,五度空间,17.7
920,2018,半个月亮,1.8
921,2018,麦兵兵之夺宝联“萌”,594.9
922,"<span style=""color: #ff0000;"">2016</span>",我是哪吒（重映）,993.9（总计）
923,2018,梭哈人生,10.8
924,2018,马戏之王,10114.7
925,2018,时空偷渡少女,139.8
926,2018,毕业旅行笑翻天,21.9
927,2018,忌日快乐,6120.8
928,2018,南极之恋,23418
929,2018,盲·道,44
930,2018,莫斯科陷落,230.5
931,2018,小马宝莉大电影,4675.1
932,2018,金龟子,2746.7
933,2018,坏爸爸,2445.4
934,2018,狗狗的疯狂假期,1057.6
935,2018,小狗奶瓶,160.8
936,2018,余额不足,34
937,2018,莫名我就喜欢你,1.2
938,2018,我和“叛徒”老爸,2.1
939,2018,奔,4
940,2018,泡芙小姐,1928.9
941,2018,大导归来,23.5
942,2018,无迹可寻,36.3
943,2018,疯狂熊孩子,26.2
944,"<span style=""color: #ff0000;"">2017</span>",纯洁心灵·逐梦演艺圈（重映）,233.1（总计）
945,"<span style=""color: #ff0000;"">2004</span>",龙凤斗（重映）,1400（总计）
946,2018,唐人街探案2,339768.8
947,2018,捉妖记2,223665.6
948,2018,西游记女儿国,72743.9
949,2018,红海行动,364726.2
950,2018,祖宗十九代,16978.9
951,2018,人怕出名猪怕壮,640.1
952,2018,爱在记忆消逝前,641.5
953,2018,翻滚吧姐妹,9.9
954,2018,三块广告牌,6498.2
955,2018,小萝莉的猴神大叔,28538
956,2018,金钱世界,1115.1
957,2018,比得兔,16824.4
958,2018,闺蜜2,6427.3
959,2018,宇宙有爱浪漫同游,153.7
960,2018,厉害了，我的国,47920.6
961,2018,落绕,13.3
962,2018,对戒,2.1
963,2018,飞鸟历险记,130.8
964,2018,黑豹,66227.1
965,2018,恋爱回旋,1852.9
966,2018,妈妈咪鸭,3716.6
967,2018,灵魂当铺之时间典当,128.5
968,2018,水形物语,10530.4
969,2018,古墓丽影：源起之战,49696
970,2018,大坏狐狸的故事,1607.3
971,2018,虎皮萌企鹅,867.1
972,2018,十七后 与青春化敌为友,10.4
973,2018,玲珑井,198.2
974,2018,无眸之杀,98.2
975,2018,脱皮爸爸,801.8
976,2018,环太平洋：雷霆再起,63263.7
977,2018,青春24秒,7.3
978,2018,出山记,4.9
979,2018,萌犬好声音,978
980,2018,遇见你真好,5094.4
981,2018,河间圣手,6.4
982,2018,头号玩家,139532.3
983,2018,第三度嫌疑人,451
984,2018,通勤营救,4534
985,2018,花滑女王,1713.2
986,"<span style=""color: #ff0000;"">2016</span>",爸爸的木房子（重映）,10.6
987,2018,玩命,26.1
988,2018,我说的都是真的,1781.2
989,2018,三伏天,4.2
990,2018,奇葩朵朵,3019.5
991,2018,暴裂无声,5420.9
992,2018,起跑线,21023.5
993,2018,清水里的刀子,57.3
994,2018,冰雪女王3：火与冰,7411.8
995,2018,猫与桃花源,2178.3
996,2018,湮灭,6602.8
997,2018,寻找罗麦,401.1
998,2018,狂暴巨兽,100307
999,2018,西北风云,402.5
1000,2018,夺命来电,121.5
1001,2018,毕业作品,450.6
1002,2018,凌晨两点半,186.6
1003,2018,青春后驱动,2.1
1004,2018,二师兄来了,2.6
1005,2018,渠首欢歌,0.4
1006,2018,壹号别墅,18.1
1007,2018,犬之岛,4346.8
1008,2018,米花之味,226.7
1009,2018,求求你爱上我,21.3
1010,2018,脱单告急,3498.1
1011,2018,21克拉,10998
1012,"<span style=""color: #ff0000;"">2015</span>",龙在哪里？（重映）,2461（总计）
1013,2018,理想之路,68.9
1014,"<span style=""color: #ff0000;"">2013</span>",古城会（重映）,3.1（总计）
1015,2018,冰封迷案,51.6
1016,2018,后来的我们,136095
1017,2017,玛丽与魔女之花,2059.5
1018,2018,战神纪,3797.9
1019,2018,幕后玩家,35748.3
1020,2018,低压槽：欲望之城,3484.5
1021,2018,黄金花,149.6
1022,2018,午夜十二点,234.5
1023,2018,小公主艾薇拉与神秘王国,657.8
1024,2018,尖叫直播,310.7
1025,2018,巴霍巴利王2：终结,108.8
1026,2018,香港大营救,640.2
1027,2018,青年马克思,2077.8
1028,2018,任性的硬币,0.6
1029,2018,复仇者联盟3：无限战争,239041.9
1030,2018,战犬瑞克斯,659.7
1031,2018,我是你妈,3681
1032,2018,破门,34.8
1033,2018,天梦,3.7
1034,2018,七号公馆,59.2
1035,2018,亲爱的，我要和别人结婚了,194
1036,2018,天下父母,18.4
1037,2018,路过未来,252.4
1038,2018,寂静之地,21954.1
1039,2018,昼颜,1348
1040,2018,超时空同居,89966.8
1041,2018,荒城纪,137.1
1042,2018,火魔高跟鞋,2.2
1043,2018,完美陌生人,5349.6
1044,2018,游侠索罗：星球大战外传,10560.3
1045,2018,命运速递,138.9
1046,2018,神谕通天,8.6
1047,2018,时间暗局,9.1
1048,2018,魔镜奇缘2,2062.9
1049,"<span style=""color: #ff0000;"">2017</span>",光影之战（重映）,87.5（总计）
1050,2018,毛骨悚然之红衣男孩,145.2
1051,2018,潜艇总动员：海底两万里,7266.8
1052,2018,寻找雪山,10.8
1053,2018,哆啦A梦：大雄的金银岛,20923.3
1054,"<span style=""color: #ff0000;"">2017</span>",大耳朵图图之美食狂想曲（重映）,4328.4（总计）
1055,2018,我的宠物恐龙,858.5
1056,2018,蓝色金鱼,100.7
1057,2018,暗夜良人,87.5
1058,2018,厕所英雄,9456
1059,2018,深海越狱,5136.2
1060,2018,暮光·巴黎,207.1
1061,2018,一个人的江湖,6.3
1062,2018,幸福马上来,10110.4
1063,2018,恐怖浴室,251.2
1064,2018,一纸婚约,74.2
1065,2018,因果启示录,126.2
1066,2018,盯上小偷的贼,4.3
1067,2018,那年，我还没长大,4.2
1068,2018,别让爱情走弯路,0.8
1069,2018,侏罗纪世界2,169551.2
1070,2018,血十三,44.9
1071,2018,猛虫过江,20276.1
1072,2018,泡菜爱上小龙虾,71.3
1073,2018,时间监狱,4.5
1074,2018,家, &#8211;
1075,2018,让我怎么相信你,22.1
1076,2018,疯狂这一年,0.9
1077,2018,吃货宇宙,484.2
1078,2018,第七个小矮人,2539
1079,2018,疯狂的麻将,9.6
1080,2018,卖命, &#8211;
1081,2018,监狱犬计划,124.1
1082,2018,生存家族,1137.6
1083,2018,超人总动员2,35417.8
1084,2018,龙虾刑警,6857.6
1085,2018,泄密者,7058.4
1086,2018,凤凰城遗忘录,74.1
1087,2018,伊阿索密码,130.6
1088,2018,致命夺宝,21.9
1089,2018,九门提督,0.9
1090,2018,出走的娜拉,2.6
1091,"<span style=""color: #ff0000;"">1990</span>",阿飞正传（重映）,1972.2（总计）
1092,2018,明天有多远,12.1
1093,2018,马兰花开,36.8
1094,2018,动物世界,50898.7
1095,2018,金蝉脱壳2,9119
1096,2018,青春不留白,43.6
1097,2018,恋爱101度,1.4
1098,2018,姽婳,74.7
1099,2018,暹罗决：九神战甲,252.5
1100,2018,最后一球,608.7
1101,2018,凤皇传, &#8211;
1102,2018,地下凶猛,12.1
1103,2018,快乐星球之三十六号,68.4
1104,2018,我不是药神,309712.7
1105,2018,新大头儿子和小头爸爸3,15805.8
1106,2018,只能活一个,1.6
1107,2018,细思极恐,146.2
1108,2018,红盾先锋,34.8
1109,2018,邪不压正,58276.5
1110,2018,阿修罗,4883.7
1111,2018,铁笼,0.5
1112,2018,美丽童年,232.7
1113,2018,小悟空,879
1114,2018,八只鸡,18.2
1115,2018,左滩,22.8
1116,2018,格桑花开的时候,10.5
1117,2018,摩天营救,66972.8
1118,2018,北方一片苍茫,73
1119,2018,淘气大侦探,1041.4
1120,2018,兄弟班,190.5
1121,2018,汪星卧底,1495.8
1122,2018,神奇马戏团,6470.8
1123,2018,海龙屯,107.9
1124,2018,浴血广昌,9156.7
1125,2018,三十那年,1.3
1126,2018,妈妈咪呀2,414.6
1127,2018,风语咒,11286.7
1128,2018,解码游戏‎,969
1129,2018,的士速递5,3119.2
1130,2018,神秘世界历险记4,10457.1
1131,2018,肆式青春,282.1
1132,2018,真心话太冒险, &#8211;
1133,2018,一出好戏,135131.9
1134,2018,爱情公寓,55472.2
1135,2018,巨齿鲨,104890.2
1136,2018,勇者闯魔城, &#8211;
1137,2018,美食大冒险之英雄烩,489.3
1138,2018,精灵旅社3：疯狂假期,22291
1139,2018,快把我哥带走,37409.6
1140,2018,欧洲攻略,15250.1
1141,2018,最后的棒棒,94.8
1142,2018,他是一只狗,4.4
1143,2018,旅行吧！井底之蛙,38.7
1144,2018,大三儿,129.9
1145,2018,蚁人2：黄蜂女现身,82926.6
1146,2018,黑子的篮球：终极一战,677.1
1147,2018,大师兄,14561.3
1148,2018,七袋米, &#8211;
1149,2018,奇怪的袜子精灵,105.6
1150,2018,深海历险记,1753.6
1151,2018,天下第一镖局,49.6
1152,2018,纯真年代,23.3
1153,2018,惊慌失色之诡寓,205.8
1154,2018,信仰者,1135.1
1155,2018,碟中谍6：全面瓦解,124203.4
1156,2018,苏丹,3606.6
1157,2018,足球王者,178.4
1158,2018,那些女人,490.1
1159,2018,阿尔法：狼伴归途,11419.4
1160,2018,吻隐者,69.6
1161,2018,传奇的诞生,2817.1
1162,2018,李宗伟：败者为王,657.8
1163,2018,道高一丈,1202.9
1164,2018,有五个姐姐的我就注定要单身了,3.4
1165,2018,草戒指,61.2
1166,2018,过往的梦,0.1
1167,2018,黑暗深处之惊魂夜,227.3
1168,2018,那条河,1.4
1169,"<span style=""color: #ff0000;"">2017</span>",赛尔号大电影6：圣者无敌（重映）,10857.3（合计）
1170,"<span style=""color: #ff0000;"">2016</span>",疯狂丑小鸭（重映）,2322.4（合计）
1171,2018,恩师, &#8211;
1172,2018,勇敢往事,109.5
1173,2018,古墓兽影,148.2
1174,2018,镰仓物语,4830.4
1175,2018,念念手纪,"<span style=""color: #333333; font-style: normal; font-weight: 300;"">4</span>44.9"
1176,2018,反贪风暴3,44068
1177,2018,未择之路,740.6
1178,2018,让我怎么相信你,181
1179,2018,说走就走之不说再见,982.6
1180,2018,审判者1,3.7
1181,2018,黑蝴蝶, &#8211;
1182,2018,禹神传之寻找神力,164.9
1183,2018,我是检察官,18.7
1184,2018,江湖儿女,6949.3
1185,2018,虎胆追凶,2226.2
1186,2018,哥斯拉：怪兽行星,158.9
1187,2018,黄金兄弟,31514.7
1188,2018,冷恋时代,334.1
1189,2018,极品师徒,57.6
1190,2018,舌尖上的斗争,0.8
1191,2018,天刃,17
1192,2018,悲伤逆流成河,35490.7
1193,2018,大闹西游,3745.4
1194,2018,影,62832.3
1195,2018,李茶的姑妈,60391.4
1196,2018,营救汪星人,205.7
1197,2018,无双,127176.7
1198,2018,胖子行动队,26080.5
1199,2018,古剑奇谭之流月昭明,1411.5
1200,2018,阿凡提之奇缘历险,7644.4
1201,2018,新灰姑娘,6012.3
1202,"<span style=""color: #ff0000;"">2017</span>",嘻哈英熊（重映）,381.1（总计）
1203,2018,找到你,28501.6
1204,2018,张艺谋和他的“影”,82.1
1205,2018,玛雅蜜蜂历险记,686.7
1206,2018,超能泰坦,1420.4
1207,2018,午夜幽灵,334.8
1208,2018,嗝嗝老师,"<span style=""color: #333333; font-style: normal; font-weight: 300;"">14933.7</span>"
1209,2018,我要去远方,104.5
1210,2018,皮鞋,29.8
1211,2018,我的间谍前男友,6145.3
1212,2018,宝贝儿,2461.7
1213,2018,跨越8年的新娘,305.3
1214,2018,无敌原始人,356.3
1215,2018,黑暗深处之惊魂夜,224.2
1216,2018,向阳的日子,19.7
1217,2018,非洲遇见你,113.9
1218,2018,雪怪大冒险,7276.2
1219,2018,美丽战争,18.2
1220,2018,为你写诗,1269.5
1221,2018,昨日青空,8350.2
1222,2018,追鹰日记,173.1
1223,2018,阿拉姜色,242.4
1224,2018,灵魂契约,269.9
1225,2018,功夫联盟,1788.4
1226,2018,暮光·巴黎,206.6
1227,2018,铁血战士,21608.5
1228,2018,黑暗迷宫,411.1
1229,2018,滴答屋,1901.3
1230,2018,流浪猫鲍勃,5290.2
1231,2018,胡桃夹子和四个王国,11241.2
1232,2018,冰封侠：时空行者,3441.2
1233,2018,飓风奇劫,9498.3
1234,2018,你美丽了我的人生,360.6
1235,2018,产科男生,11.9
1236,2018,瞳灵公馆,230.7
1237,2018,台仙魔咒,18.7
1238,2018,八仙,137.4
1239,2018,毒液：致命守护者,187065.4
1240,2018,你好，之华,8019
1241,2018,名侦探柯南：零的执行人,12735.1
1242,2018,我的冤家是条狗,231.6
1243,2018,三国杀·幻,104.6
1244,2018,破梦游戏,42.6
1245,2018,地层深处,73.2
1246,2018,开学悸,136.9
1247,2018,恐龙王,2852.7
1248,2018,两个俏公主,221.6
1249,2018,梦境之源,28.8
1250,2018,神奇动物：格林德沃之罪,39877.8
1251,2018,无名之辈,79450.9
1252,2018,爱在归来那一天,8.7
1253,2018,无敌破坏王2：大闹互联网,27109.9
1254,2018,憨豆特工3,17222.7
1255,2018,克隆人,531.8
1256,2018,中国蓝盔,1787.3
1257,2018,恐怖快递,226.4
1258,2018,奶奶的家,11.2
1259,2018,超萌特攻,5.2
1260,2018,生活万岁,485.2
1261,2018,摘金奇缘,1149
1262,2018,亡命救赎,1422
1263,2018,二十岁,320.3
1264,2018,冒牌搭档,146.7
1265,2018,一百年很长吗,123.9
1266,2018,超时空大冒险,280.9
1267,2018,大唐风云2,15.3
1268,2018,大烟炮！一千八！,8.2
1269,2018,同名男子,7.5
1270,2018,闽宁镇,181.7
1271,2018,冥王星时刻,57.7
1272,2018,狗十三,5118.3
1273,2018,海王,201231.3
1274,2018,惊涛飓浪,1107.8
1275,2018,进击的男孩,45.9
1276,2018,爱不可及,26.1
1277,2018,左手右手,3
1278,"<span style=""color: #ff0000;"">2017</span>",三只小猪2,2695.9（总计）
1279,2018,云上日出,13.9
1280,2018,照相师,1076（至3-2）
1281,2018,黄大年,214.2
1282,2018,网络谜踪,3049.8
1283,2018,午夜整容室,320.7
1284,2018,二胎来了,0.3
1285,2018,最萌警探,20.9
1286,2018,春天的马拉松,765.8
1287,2018,来日方长,6.9
1288,2018,破天荒,43.3
1289,2018,堡藏,4.1
1290,2018,正好的我们,0.5
1291,2018,龙猫,17367.5
1292,2018,绿毛怪格林奇,2643.7
1293,2018,轻轻握住你的手,5.3
1294,2018,印度合伙人,6755.3
1295,2018,淡蓝琥珀,22.7
1296,2018,大路朝天,2483（至3-2）
1297,2018,片警宝音,14.9
1298,2018,又是一年三月三,804.9
1299,2018,蜘蛛侠：平行宇宙,42743（至3-2）
1300,2018,武林怪兽,7963.3
1301,2018,叶问外传：张天志,13168.8
1302,2018,天气预爆,12375.1
1303,2018,夜魔奇案,23
1304,2018,龟兔大作战,995.8
1305,2018,印度暴徒,6192
1306,2018,神探狗笨吉,395.1
1307,2018,拳职妈妈,0.2
1308,2018,来电狂响,64017.8
1309,2018,断片之险途夺宝,5034.3
1310,2018,云南虫谷,15004.4
1311,2018,两只小猪之勇闯神秘岛,499.7
1312,2018,警车联盟,531.7
1313,2018,阿里巴巴三根金发,1006.9
1314,2018,地球最后的夜晚,28212.1
1315,&#8211;,&#8211;,&#8211;
1316,2019,四个春天,1058
1317,2019,大黄蜂,114755.4
1318,2019,奎迪：英雄再起,1712.6
1319,2019,很高兴遇见·你,38.3
1320,2019,功夫营救,1.2
1321,2019,沉默的雪,25.7
1322,2019,零八三七,0.8
1323,2019,大微商,77.7
1324,2019,养家之人,630.2
1325,2019,营救汪星人,210.2
1326,2019,22年后的自白,534.2
1327,2019,白蛇：缘起,44863.5
1328,2019,命运之夜——天之杯：恶兆之花,3160.4
1329,2019,“大”人物,37966.4
1330,2019,燃点,818.2
1331,2019,汝海风云,21.9
1332,2019,蜻蜓少年,24.5
1333,2019,灵魂的救赎,58.9
1334,2019,蜻蜓少年,24.5
1335,2019,我想吃掉你的胰脏,2385.3
1336,2019,密室逃生,23127.2
1337,2019,森林奇缘,790.7
1338,2019,家和万事惊,3243.8
1339,2019,钢铁飞龙之奥特曼崛起,3913.1
1340,2019,密林诡影,12.9
1341,2019,闯堂兔3囧囧时光机,475.2
1342,2019,占芭花开,2.6
1343,2019,掠食城市,5031.6
1344,2019,差等生乔曦,62
1345,2019,战斗民族养成记,801
1346,2019,大侦探霍桑,791.3
1347,2019,海上浮城,46.3
1348,2019,杨门女将之女将初征,90.3
1349,2019,死侍2：我爱我家,28505.2
1350,2019,夺命杀机,31.8
1351,2019,我们回家吧,1.9
1352,2019,简爱之约,25.4
1353,2019,疯狂的外星人,219197.1
1354,2019,流浪地球,467462.7
1355,2019,飞驰人生,171674.6
1356,2019,新喜剧之王,62443.7
1357,2019,廉政风云,11432.3
1358,2019,神探蒲松龄,15218.2
1359,2019,小猪佩奇过大年,12375.6
1360,2019,熊出没·原始时代,71447.4
1361,2019,今夜在浪漫剧场,1230.7
1362,2019,一吻定情,17345.8
1363,2019,蓝色生死恋,146.9
1364,2019,五十米之恋,136.8
1365,2019,瑞雪兆丰年,19.9
1366,2019,阿丽塔：战斗天使,89516.3
1367,2019,朝花夕誓,1721.9
1368,2019,古井凶灵,534.2
1369,2019,绿皮书,47788.3
1370,2019,逆罪,23.9
1371,2019,驯龙高手3,36685.3
1372,2019,夏目友人帐,11501.9
1373,2019,魔神Z,40.3
1374,2019,血战敖伦布拉格,16.3
1375,2019,醒来之爱的呼唤,280.8
1376,2019,梦想之城,118.5
1377,2019,惊奇队长,103279.3
1378,2019,小石头下乡记,2.7
1379,2019,比悲伤更悲伤的故事,95385.8
1380,2019,阳台上,391.9
1381,2019,江海渔童之巨龟奇缘,87.3
1382,2019,少女宿舍,189.6
1383,2019,我的英雄学院：两位英雄,3873.2
1384,2019,过春天,991.6
1385,2019,把哥哥退货可以吗,171.1
1386,2019,318号公路,66.4
1387,2019,篮球冠军,64
1388,2019,乐高大电影2,1843.5
1389,2019,地久天长,4517.8
1390,2019,老师·好,35333.4
1391,2019,狂暴凶狮,4457.8
1392,2019,夜伴歌声,301.2
1393,2019,波西米亚狂想曲,9883.6
1394,2019,海市蜃楼,11073
1395,2019,小飞象,14744.5
1396,2019,三重威胁之跨国大营救,152.4
1397,2019,警告,60.7
1398,"<span style=""color: #000000;"">2017</span>","<span style=""color: #ff0000;""><span style=""color: #000000;"">精灵怪物：疯狂之旅</span></span>",626
1399,2019,人间·喜剧,6288.4
1400,2019,似水流年,21.3
1401,2019,劫数难逃,24.5
1402,2019,调音师,32439.6
1403,2019,风中有朵雨做的云,6472.2
1404,2019,反贪风暴4,79426.6
1405,2019,守灵,335.1
1406,2019,A测试,0.5
1407,2019,雷霆沙赞！,29388.3
1408,"<span style=""color: #ff0000;"">2014</span>","<span style=""color: #ff0000;"">麦兜·我和我妈妈（重映）</span>",4624.8（总计）
1409,2019,长官传奇,7
1410,2019,源·彩虹,0.4
1411,2019,功夫四侠：勇闯地宫,81.3
1412,2019,青蛙王子历险记,1030.8
1413,2019,难以置信,146.6
1414,2019,在乎你,497.3
1415,2019,我的宠物是大象,254.5
1416,2019,祈祷落幕时,6744.9
1417,2019,欲念游戏,743.8
1418,2019,原来如此,133.9
1419,2019,最佳男友进化论,1474
1420,2019,菲凡记忆,7.6
1421,2019,暗语者,4.3
1422,2019,虫林大作战,772.4
1423,2019,北斗风云,2
1424,2019,如影随心,2630.1
1425,2019,毕业旅行之逍遥骑士,15.3
1426,2019,转型团伙,1670.8
1427,2019,境·界,362.3
1428,2019,神奇乐园历险记,4676.8
1429,2019,HELLO，北京,13.7
1430,2019,狗眼看人心,1871.8
1431,2019,复仇者联盟4：终局之战,423881.7
1432,2019,撞死了一只羊,1037.2
1433,2019,云雾笼罩的山峰,0.7
1434,2019,海门深处,8.1
1435,2019,何以为家,37349.7
1436,2019,天上再见,37.7
1437,2019,动物出击,299
1438,2019,雪暴,2818.8
1439,2019,下一任：前任,12122.2
1440,2019,悟空奇遇记,1884.6
1441,2019,猫公主苏菲,101.4
1442,2019,港珠澳大桥,689.1
1443,2019,国礼,0.1
1444,2019,大破天门阵,0.8
1445,2019,午夜怪谈,153.2
1446,2019,一个母亲的复仇,11159.8
1447,2019,大侦探皮卡丘,63928.8
1448,2019,半边天,35.3
1449,2019,进京城,1462.4
1450,2019,铁拳雄心,17.7
1451,2019,欢迎来北方2,97.2
1452,2019,罗马,507.4
1453,2019,一路疯癫,12.4
1454,2019,向爱而生,4.2
1455,2019,周恩来回延安,2824
1456,2019,海蒂和爷爷,2060.4
1457,2019,柔情史,29.9
1458,2019,最后的勇士,75.4
1459,2019,搞怪奇妙夜,14.4
1460,2019,一条狗的使命2,19596.7
1461,2019,音乐家,479.5
1462,2019,企鹅公路,334.3
1463,2019,致命梦魇,97.3
1464,2019,武陵山上的星光,66.9
1465,2019,双生,1765.2
1466,2019,空天战队之星兽大战,14.3
1467,2019,你好现任,9.7
1468,2019,王者盛宴,4.4
1469,2019,过昭关,30.7
1470,2019,真爱不迟到,90.7
1471,2019,邻座的怪同学,236.1
1472,2019,真爱百分百,109.1
1473,2019,云端之上,226
1474,2019,龙珠超：布罗利,3162.5
1475,2019,大大哒,183.8
1476,2019,1931刺杀宋子文之谜,27.1
1477,2019,午夜废墟,187.8
1478,2019,五月天人生无限公司,5010.2
1479,2019,阿拉丁,36746.3
1480,2019,天眼风云,42
1481,2019,哥斯拉2：怪兽之王,93491.3
1482,2019,托马斯大电影之世界探险记,1676.1
1483,2019,巧虎大飞船历险记,2273.7
1484,2019,噬魂剑,86.2
1485,2019,潜艇总动员：外星宝贝计划,2396.7
1486,2019,哆啦A梦：大雄的月球探险记,13082.4
1487,2019,直播攻略,5.2
1488,2019,无所不能,3539.3
1489,2019,当我们海阔天空,206.1
1490,2019,追龙Ⅱ,30693.3
1491,2019,最好的我们,41270.5
1492,2019,X战警：黑凤凰,40842.1
1493,2019,绝杀慕尼黑,9166.8
1494,2019,黑衣人：全球追缉,30739.6
1495,2019,秦明·生死语者,2987.8
1496,2019,侣行攻略之确认你是我的人,15.3
1497,2019,三流勇士,20.4
1498,2019,冠军的心,80.9
1499,2019,妈阁是座城,5043
1500,2019,白牙,65.8
1501,2019,要活着去天堂,49.5
1502,2019,废柴老爸,521
1503,2019,榫卯,15.6
1504,2019,大河唱,229.1
1505,2019,三年,8.5
1506,"<span style=""color: #ff0000;"">2001</span>","<span style=""color: #ff0000;"">千与千寻（重映）</span>",48688.8
1507,2019,玩具总动员4,20006
1508,2019,监护风云,88
1509,2019,碟仙,5222.4
1510,2019,真相漩涡,67.1
1511,2019,我的青春都是你,1482.8
1512,2019,八子,2064.8
1513,2019,蜘蛛侠：英雄远征,141245.3
1514,2019,潜行者,53.2
1515,2019,学区房72小时,102.2
1516,2019,封口之谜,0.2
1517,2019,星月夜,6.5
1518,2019,上海往事之当年情,2.5
1519,2019,最后一刻,7.6
1520,2019,九龙不败,1800.8
1521,2019,善良的天使,27.4
1522,2019,别岁,23.1
1523,2019,上海的女儿,37.8
1524,2019,爱宠大机密2,15400.3
1525,2019,扫毒2天地对决,129505.6
1526,2019, 猪猪侠·不可思议的世界,3408
1527,2019,他她他她,41.4
1528,2019,狮子王,82990.3
1529,2019,命运之夜——天之杯II ：迷失之蝶,2964.1
1530,2019,跳舞吧！大象,3908.9
1531,2019,素人特工,2236.8
1532,2019,机动战士高达NT,869.1
1533,2019,舞动吧！少年,4.8
1534,2019,嘿，蠢贼,6.7
1535,2019,银河补习班,87234.8
1536,2019,匠心,181.4
1537,2019,猪八戒·传说,6346.1
1538,2019,未来机器城,1689
1539,2019,回到过去拥抱你,1967.4
1540,2019,看不见的小孩,1643.3
1541,2019,游戏人生 零,1394.1
1542,2019,精灵小王子,20.8
1543,2019,心之山,2.8
1544,2019,灰猴,384.6
1545,2019,隧道尽头,810.9
1546,2019,巴比龙,134.3
1547,2019,哪吒之魔童降世,500112.6
1548,2019,烈火英雄,169131.7
1549,2019,古田军号,4037.9
1550,2019,冰雪女王4：魔镜世界,2355.7
1551,2019,鼠胆英雄,10115.5
1552,2019,最美的地方遇见你,20.9
1553,2019,梦想之战：踢球吧阿妹,12
1554,2019,歌唱动荡的青春,16.8
1555,2019,赛尔号大电影7：疯狂机器城,2790
1556,2019,灶神来了,13.4
1557,2019,红花绿叶,23.1
1558,2019,使徒行者2：谍影行动,69941.3
1559,2019,某日某月,35.1
1560,2019,丛林历险记,11.9
1561,2019,红星照耀中国,3027.5
1562,2019,上海堡垒,12195.2
1563,2019,童童的风铃密室,440.1
1564,2019,寻找兰小草,8.3
1565,2019,全职高手之巅峰荣耀,8506.7
1566,2019,送我上青云,2950.5
1567,2019,昨日奇迹,121.5
1568,2019,愤怒的小鸟2,14028.8
1569,2019,龙牌之谜,1850.4
1570,2019,速度与激情：特别行动,143059.8
1571,2019,猎袭,2.3
1572,2019,保持沉默,2153.3
1573,2019,昆虫总动员2,1638
1574,2019,侠路相逢,5.3
1575,2019,到你身边,1
1576,2019,骡子,1077.7
1577,2019,铤而走险,4426.2
1578,2019,女王的柯基,1536.6
1579,2019,深夜食堂,2412.5
1580,2019,死寂逃亡,989.5
1581,2019,共同命运,106.4
1582,2019,老师，你会不会回来,6.4
1583,2019,零零后,505.8
1584,2019,徒手攀岩,3639
1585,2019,检察方的罪人,1338.1
1586,2019,花椒之味,182.5
1587,2019,宝莱坞机器人2.0：重生归来,2137.7
1588,2019,冷血追击,536.4
1589,2019,最长1枪,807.8
1590,2019,樵夫·廖俊波,179.5
1591,2019,罗小黑战记,31382.3
1592,2019,六连煞,26.7
1593,2019,风吹吧麦浪,20.3
1594,2019,骑遇,0.7
1595,2019,高兴逮笨贼,21.3
1596,2019,芬芳,46.5
1597,2019,拿摩一等,16.8
1598,2019,逗爱熊仁镇,627
1599,2019,一生只为一事来,593.7
1600,2019,靠近我温暖你,20.3
1601,2019,爱在长征,0.5
1602,2019,别哭！妈妈,4.9
1603,2019,小小的愿望,26718.3
1604,2019,一切如你,159.1
1605,2019,诛仙,40262.7
1606,2019,名侦探柯南：绀青之拳,23164.6
1607,2019,福星高照朱小八,547.1
1608,2019,杨靖宇,138.7
1609,2019,决胜时刻,11780.5
1610,2019,友情以上,5212.1
1611,2019,小Q,11039.6
1612,2019,二凤,62.9
1613,2019,江南,501.7
1614,2019,攀登者,109694
1615,2019,中国机长,290004.1
1616,2019,我和我的祖国,317118.9
1617,2019,雪人奇缘,10795.5
1618,2019,大话西游之成长的烦恼,45.8
1619,2019,丑娃娃,364.5
1620,2019,亲密旅行,335.3
1621,2019,疯狂斗牛场,76.1
1622,2019,空巢也疯狂,20.1
1623,2019,犯罪现场,25347.3
1624,2019,急速逃脱,445.8
1625,2019,双子杀手,23513.2
1626,2019,侠路相逢,533.2
1627,"<span style=""color: #ff0000;"">1989</span>","<span style=""color: #ff0000;"">开国大典（重映）</span>",86.8（总计）
1628,2019,我在耀瓷小镇等你,103.8
1629,2019,你好霸王龙,154.3
1630,2019,沉睡魔咒2,34529.6
1631,2019,催眠·裁决,8627.5
1632,2019,太阳升起的时刻,1224.1
1633,2019,为国而歌,790.9
1634,2019,少年的你,154494.9
1635,2019,三傻闹地球,487.8
1636,2019,悠然见南山,158.7
1637,2019,六欲天,130.6
1638,2019,终结者：黑暗命运,35519.9
1639,2019,天气之子,28759.9
1640,2019,宠物联盟,1115.5
1641,2019,受益人,21897
1642,2019,我的拳王男友,2446.1
1643,2019,萤火奇兵2：小虫不好惹,450
1644,2019,深海特攻队之超能晶石,104.7
1645,2019,越域重生,8.1
1646,2019,决战中途岛,29425.4
1647,2019,武林孤儿,18.2
1648,2019,订亲,18
1649,2019,黄花塘往事,12.9
1650,2019,他们已不再变老,333.7
1651,2019,海上钢琴师,14348.5
1652,2019,盗梦特攻队,17.8
1653,2019,麦子的盖头,309.2
1654,2019,长安道,2135.5
1655,2019,霹雳娇娃,7572.6
1656,2019,大约在冬季,22779.1
1657,2019,萌宠特工队,846.6
1658,2019,那一夜，我给你开过车,110.8
1659,2019,你是凶手,4118.6
1660,2019,追凶十九年,320.7
1661,2019,归去,10.8
1662,2019,两只老虎,19568
1663,2019,平原上的夏洛克,943.2
1664,2019,衣柜里的冒险王,373
1665,2019,一生有你,4177.3
1666,2019,冰峰暴,1272.3
1667,2019,南方车站的聚会,20292.5
1668,2019,吹哨人,5025.3
1669,2019,勇敢者游戏2：再战巅峰,28924.8
1670,2019,迷局伏香,60.9
1671,2019,红旗渠之归来仍是少年,65
1672,2019,若能与你共乘海浪之上,1396.4
1673,2019,那时风华,1821.5
1674,2019,天·火,16819.3
1675,2019,西河恋歌,14.7
1676,2019,唐顿庄园,2259.8
1677,2019,被光抓走的人,7099.2
1678,2019,误杀,133074.3
1679,2019,父子拳王,19.6
1680,2019,金色荣耀,64.6
1681,2019,魔镜奇缘3,307.9
1682,2019,太空狗之月球大冒险,278.6
1683,2019,坂本龙一：终曲,502.2
1684,2019,崮上情天,7.7
1685,2019,九克拉战栗,70.1
1686,2019,铁血阳泉,97
1687,2019,星球大战9：天行者崛起,14380.2
1688,2019,叶问4,118274.8
1689,2019,只有芸知道,15969.3
1690,2019,惊涛迷局,63.9
1691,2019,半个喜剧,18840.8
1692,2019,迪丽丽的奇幻巴黎,66.9
1693,2019,利刃破冰,216.3
1694,2019,妈妈我想你,75.4
1695,2019,特警队,5708.8
1696,2019,解放·终局营救,4144.8
1697,2019,小羊肖恩2：末日农场,1728
1698,2019,尼斯大冒险,459.4
1699,2019,横财局中局,463.6
1700,2019,宠爱,68427.5
1701,2019,天使陷落,6696.1
1702,2019,妙先生,178.6
1703,2019,亲爱的新年好,6274.1
1704,,,
1705,2020,鹭世界,496.6
1706,1997,美丽人生,5812.4
1707,2020,变身特工,10353.1
1708,"<span style=""color: #ff0000;"">2014</span>","龙之谷：破晓奇兵（<span style=""color: #ff0000;"">重映</span>）",5767.4（总计）
1709,2020,野猪,129.2
1710,2020,别告诉她,411.6
1711,2020,理查德·朱维尔的哀歌,570.8
1712,2020,为家而战,1718.6
1713,2020,紫罗兰永恒花园外传,4859.9
1714,2020,鲨海逃生,4732.1
1715,2020,动物特工局,4428.2
1716,2020,守望人,123.3
1717,2020,第一次的离别,469
1718,"<span style=""color: #ff0000;"">2009</span>","风声（<span style=""color: #ff0000;"">重映</span>）",21705.6（总计）
1719,"<span style=""color: #ff0000;"">2017</span>","寻梦环游记（<span style=""color: #ff0000;"">重映</span>）",122958.7（总计）
1720,"<span style=""color: #ff0000;"">2008</span>","当幸福来敲门（<span style=""color: #ff0000;"">重映</span>）",985.4（总计）
1721,"<span style=""color: #ff0000;"">2018</span>","何以为家（<span style=""color: #ff0000;"">重映</span>）",37692.7（总计）
1722,"<span style=""color: #ff0000;"">2015</span>","夏洛特烦恼（<span style=""color: #ff0000;"">重映</span>）",144768.4（总计）
1723,"<span style=""color: #ff0000;"">2016</span>","疯狂动物城（<span style=""color: #ff0000;"">重映</span>）",153448.9（总计）
1724,2020,喋血战士,4545.6
1725,2020,多力特的奇幻冒险,13608.4
1726,"<span style=""color: #ff0000;"">2014</span>","超能陆战队（<span style=""color: #ff0000;"">重映</span>）",52726.1（总计）
1727,2019,乔乔的异想世界,1134.1
1728,2020,抵达之谜,2535.4
1729,2020,妙先生,1310.5
1730,2020,刺猬索尼克,1994.2
1731,2020,白狮奇缘,88.1
1732,2020,白云之下,149.7
1733,2020,呆瓜兄弟,8.3
1734,"<span style=""color: #ff0000;"">2014</span>","星际穿越（<span style=""color: #ff0000;"">重映</span>）",87681.3
1735,2020,十三猎杀,790.8
1736,2020,1917,6911
1737,2020,旺扎的雨靴,29.1
1738,2020,极速车王,1566.2
1739,"<span style=""color: #ff0000;"">2002</span>","哈利·波特与魔法石（<span style=""color: #ff0000;"">重映</span>）",19155（总计）
1740,2020,绝地战警：疾速追击,3514.4
1741,"<span style=""color: #ff0000;"">2018</span>","悲伤逆流成河（<span style=""color: #ff0000;"">重映</span>）",35747.4（总计）
1742,2020, 辣警霸王花：澳门行动,11.1
1743,2020,禹神传之王者少年,507.7
1744,2020,再见，陌生人,43.7
1745,2020,1/2的魔法,7050.3
1746,2020,魔发精灵2,687.3
1747,2020,八佰,309448.2
1748,2020,北平会馆,823.5
1749,2020,荞麦疯长,5168.5
1750,2020,小妇人,4730.3
1751,2020,我在时间尽头等你,50182.7
1752,2020,今生只为遇见你,0.61
1753,2020,漫长的告别,81.6
1754,"<span style=""color: #ff0000;"">2010</span>","盗梦空间（<span style=""color: #ff0000;"">重映</span>）",49589.5（总计）
1755,2020,信条,45507.1
1756,2020,假面饭店,1701.6
1757,2020,半条被子,51.3
1758,2020,阿里巴巴与神灯,2143.2
1759,2020,新愚公移山,186.1
1760,2020,未知嫌疑人,141
1761,2020,辉夜大小姐想让我告白,1.5
1762,2020,我的女友是机器人,4252
1763,2020,花木兰,27726.5
1764,2020,极寒风暴,83.9
1765,2020,通往春天的列车,324
1766,2020,麦路人,1796
1767,2020,邻里美好的一天,196.4
1768,2020,死无对证,2934.6
1769,2020,蓝色防线,713.6
1770,2020,萌宠流浪记,1116.1
1771,1999,菊次郎的夏天,895.3
1772,2020,夺冠,83485.2
1773,2020,急先锋,29294.6
1774,2020,姜子牙,160017.3
1775,2020,我和我的家乡,282653.2
1776,2020,2019阅兵盛典,2719
1777,2020,一点就到家,31216.8
1778,2020,再见吧！少年,350.8
1779,2020,七号房的礼物,1451.9
1780,2020,喜宝,11345.1
1781,2020,掬水月在手,782.5
1782,2020,秀美人生,5259.2
1783,2020,木兰：横空出世,788.1
1784,2020,天道王,2516.1
1785,2020,82号古宅,766.8
1786,2018,达芬奇大冒险：拯救蒙娜丽莎,204.6
1787,2018,以寡敌众,54
1788,2020,父子拳王,39.4
1789,2020,一丈天地,6
1790,2020,罗非是条鱼,2.3
1791,2020,四年二班,15.5
1792,2020,云做的翅膀,2.3
1793,2020,飞奔去月球,535
1794,2020,金刚川,112295.7
1795,2020,数码宝贝：最后的进化,12528.3
1796,2020,月半爱丽丝,2851.6
1797,2020,网络凶铃,1503.3
1798,2020,红色警戒,34.5
1799,2020,风平浪静,8353.4
1800,2020,未来的未来,998.9
1801,2020,光,342.2
1802,2020,地狱男爵：血皇后崛起,8624.8
1803,2020,达琳达,10.5
1804,2020,一日成交,73.4
1805,2020,热血合唱团,7001.8
1806,2020,汪汪队立大功之超能救援,7907.2
1807,2020,热气球飞行家,2113.6
1808,2020,野性的呼唤,3427.7
1809,2020,马永贞之闸北决,569.9
1810,2020,九条命,158.7
1811,2020,翱翔雄心,140.9
1812,2020,婚前故事,150
1813,2020,冬去冬又来,25.6
1814,2020,橙妹儿的时代,60.1
1815,2020,守望相思树,324.6
1816,2020,天边加油站,64.4
1817,2020,爱情呼叫等待,33.3
1818,2020,气·球,666.4
1819,2020,海兽之子,1636
1820,2020,除暴,53777.1
1821,2020,末日逃生,3423.7
1822,2020,天堂的张望,31.9
1823,2020,妈祖回家,36.8
1824,2020,天下无拐,3.1
1825,"<span style=""color: #ff0000;"">2016</span>"," 麦兜·饭宝奇兵（<span style=""color: #ff0000;"">重映</span>）",1964.2（总计）
1826,2020,应承,95.6
1827,2019,"流浪地球（<span style=""color: #ff0000;"">重映</span>）",417.6
1828,2020,一秒钟,13123.3
1829,2020,日光之下,107
1830,2020,疯狂原始人2,35323.4
1831,2020,闺蜜心窍,397.2
1832,2020,隐形人,2559.3
1833,2002,赤狐书生,18566.9
1834,2020,如果声音不记得,33515.8
1835,2020,宝可梦：超梦的逆袭 进化,1618.3
1836,2020,怪物猎人,3388.4
1837,2020,棒！少年,785.3
1838,2020,沐浴之王,40471.1
1839,2020,哆啦A梦：大雄的新恐龙,6479.6
1840,2020,少女佳禾,782.2
1841,2018,城市猎人,243.6
1842,2019,猎杀T34,2324.7
1843,2020,神奇女侠1984,16716.4
1844,2020,紧急救援,48507.6
1845,2020,奇妙王国之魔法奇缘,1004.7
1846,2020,光语者,38.4
1847,2020,拆弹专家2,131382.5
1848,2020,明天你是否依然爱我,6911.5
1849,2020,封口者,227.3
1850,2020,晴雅集,44271.3
1851,2020,心灵奇旅,37620.6
1852,2020,送你一朵小红花,143246
1853,2020,温暖的抱抱,86429.7
1854,2008,崖上的波妞,2832.9
